http://goosssgle.com ,https://tinyurl.com/y64l4scp
http://google.com    ,https://tinyurl.com/y6dqpgc7
http://google.com,https://tinyurl.com/y6dqpgc7
http://goosssgle.com,https://tinyurl.com/y64l4scp
https://i.pinimg.com/originals/ef/4c/91/ef4c91fb73e61e19211a0589187ccaa6.jpg,https://tinyurl.com/yacewo9s
https://i.pinimg.com/originals/e5/55/a3/e555a39ca5457a079a9bcce59f61f8d5.jpg,https://tinyurl.com/ycyaqkuu
https://media.glassdoor.com/l/e9/c1/7a/84/independence-day-celebration.jpg,https://tinyurl.com/yaq5mvnc
https://i.ytimg.com/vi/O5u1apUkYV0/maxresdefault.jpg,https://tinyurl.com/y949t22a
http://sousmonarbre.com/qphj/bd963843d2239ed78aa6f7b0a36b537d/qdp/shapely-table-mat-design-office-bay-decoration-mes-at-work-decorating-ideas-office-decoration-mes-design-ideas-cream-wall-paint-decoration-messroom-wooden-laminate-ing-tosca-color__office-decorating-ideas.jpg,https://tinyurl.com/yboy9749
http://canhotopazelite.info/wp-content/uploads/2018/08/office-bay-decoration-themes-with-office-bay-decoration-themes-elegant-yet-fun-office-bay-decoration-14.jpg,https://tinyurl.com/yb6td63t
https://www.justcolor.net/wp-content/uploads/sites/1/nggallery/doodle-art-doodling/coloring-page-adults-doodle-art-rachel.jpg,https://tinyurl.com/y7fe25e8
https://static.vecteezy.com/system/resources/previews/000/107/464/non_2x/huge-doodle-vector-pack.jpg,https://tinyurl.com/y8d9lds5
https://doodleart.redbull.com/assets/managed/entries/processed/sm/367010617181759_36211000.jpg,https://tinyurl.com/yatjspa8
